<?xml version="1.0" encoding="UTF-8"?>
<project-private xmlns="http://www.netbeans.org/ns/project-private/1">
    <editor-bookmarks xmlns="http://www.netbeans.org/ns/editor-bookmarks/2" lastBookmarkId="0"/>
    <open-files xmlns="http://www.netbeans.org/ns/projectui-open-files/2">
        <group>
            <file>file:/C:/Users/perfil/Desktop/dbdb/src/Visual/Assets.java</file>
            <file>file:/C:/Users/perfil/Desktop/dbdb/src/Visual/SpriteSheet.java</file>
            <file>file:/C:/Users/perfil/Desktop/dbdb/src/dbdb/Launcher.java</file>
            <file>file:/C:/Users/perfil/Desktop/dbdb/src/dbdb/Game.java</file>
            <file>file:/C:/Users/perfil/Desktop/dbdb/Shinys/Character/Walk.png</file>
            <file>file:/C:/Users/perfil/Desktop/dbdb/src/Visual/Window.java</file>
            <file>file:/C:/Users/perfil/Desktop/dbdb/Shinys/Tilesets/Dirt.png</file>
            <file>file:/C:/Users/perfil/Desktop/dbdb/src/Visual/ImageLoader.java</file>
        </group>
    </open-files>
</project-private>
